No.,Name,Ticker,Put Volume Total,Call Volume Total,Put/Call Volume Ratio,Put Open Interest Total,Call Open Interest Total,Put/Call Open Interest Ratio,Market Cap
1,Apple Inc,AAPL,245376,281348,0.8721,3299088,3752846,0.8791,2.798T
2,Microsoft Corp,MSFT,80455,133277,0.6037,1318609,1399175,0.9424,2.45T
3,Alphabet Cl A,GOOGL,56743,77167,0.7353,1370438,1781062,0.7694,1.752T
4,Alphabet Cl C,GOOG,55145,77207,0.7142,985599,1307356,0.7539,1.751T
5,Amazon.com Inc,AMZN,187072,350038,0.5344,2804762,3291626,0.8521,1.323T
6,Nvidia Corp,NVDA,289360,365798,0.7910,1834931,1736413,1.0567,1.118T
7,Tesla Inc,TSLA,517833,688450,0.7522,3619075,4248639,0.8518,824.19B
8,Meta Platforms Inc,META,184676,253274,0.7292,1303195,1824514,0.7143,819.191B
9,Berkshire Hathaway Cl B,BRK-B,3503,5556,0.6305,138252,253956,0.5444,753.385B
10,Eli Lilly and Company,LLY,9020,20085,0.4491,98115,120114,0.8168,542.769B
11,Unitedhealth Group Inc,UNH,6040,6498,0.9295,91705,106819,0.8585,487.709B
12,Visa Inc,V,7182,6097,1.1780,187568,197979,0.9474,487.588B
13,Exxon Mobil Corp,XOM,55099,136602,0.4034,652532,705939,0.9243,442.183B
14,JP Morgan Chase & Company,JPM,15245,23143,0.6587,604406,511508,1.1816,420.715B
15,Walmart Inc,WMT,21134,24597,0.8592,260225,260670,0.9983,419.453B
16,Johnson & Johnson,JNJ,6656,9329,0.7135,214903,258644,0.8309,381.766B
17,Mastercard Inc,MA,4954,2839,1.7450,93449,98540,0.9483,371.929B
18,Broadcom Ltd,AVGO,10035,12685,0.7911,125783,103462,1.2157,353.252B
19,Procter & Gamble Company,PG,7272,6359,1.1436,128806,170326,0.7562,337.884B
20,Chevron Corp,CVX,19754,58436,0.3380,255910,302131,0.8470,318.035B
21,Oracle Corp,ORCL,10792,18422,0.5858,325264,344271,0.9448,302.208B
22,Home Depot,HD,13668,12398,1.1024,139003,125552,1.1071,295.381B
23,Merck & Company,MRK,6251,6686,0.9349,150178,199724,0.7519,265.171B
24,Abbvie Inc,ABBV,3888,7634,0.5093,167872,246356,0.6814,263.187B
25,Costco Wholesale,COST,16113,15583,1.0340,119908,99724,1.2024,247.508B
26,Adobe Systems Inc,ADBE,8644,8748,0.9881,142478,138560,1.0283,240.986B
27,Coca-Cola Company,KO,117299,44475,2.6374,423244,467194,0.9059,228.671B
28,Pepsico Inc,PEP,33804,39583,0.8540,134067,147381,0.9097,222.125B
29,Cisco Systems Inc,CSCO,6603,8722,0.7571,540186,604106,0.8942,218.638B
30,Bank of America Corp,BAC,74566,137375,0.5428,2676846,2335956,1.1459,209.069B
31,Salesforce Inc,CRM,6636,7776,0.8534,265578,210393,1.2623,201.625B
32,Accenture Plc,ACN,886,1034,0.8569,38528,45134,0.8536,196.413B
33,Thermo Fisher Scientific Inc,TMO,1155,924,1.2500,30196,29031,1.0401,191.481B
34,Pfizer Inc,PFE,13199,41391,0.3189,892336,1044479,0.8543,187.446B
35,Linde Plc,LIN,215,180,1.1944,25066,20352,1.2316,182.36B
36,McDonald's Corp,MCD,20293,9814,2.0678,104435,112693,0.9267,182.132B
37,Comcast Corp A,CMCSA,9596,8399,1.1425,367651,386429,0.9514,181.877B
38,Adv Micro Devices,AMD,110200,144861,0.7607,1574721,1474143,1.0682,172.828B
39,Netflix Inc,NFLX,42797,59629,0.7177,446613,389175,1.1476,171.033B
40,Abbott Laboratories,ABT,1787,2232,0.8006,93873,116777,0.8039,167.913B
41,T-Mobile US,TMUS,3447,1781,1.9354,229597,242462,0.9469,164.869B
42,Danaher Corp,DHR,1173,1885,0.6223,42208,65764,0.6418,161.234B
43,Walt Disney Company,DIS,52851,85568,0.6176,680284,1093505,0.6221,154.982B
44,Intel Corp,INTC,31003,40728,0.7612,1235346,1719580,0.7184,151.019B
45,Intuit Inc,INTU,1513,1166,1.2976,33096,29427,1.1247,149.913B
46,Nike Inc,NKE,29117,12947,2.2489,368662,352941,1.0445,147.443B
47,Conocophillips,COP,5894,14825,0.3976,183975,201824,0.9116,145.878B
48,Wells Fargo & Company,WFC,14020,15863,0.8838,976514,791636,1.2335,145.254B
49,Amgen Inc,AMGN,1816,3593,0.5054,65651,68836,0.9537,145.247B
50,Philip Morris International Inc,PM,819,3643,0.2248,66967,86924,0.7704,143.297B
51,Texas Instruments,TXN,2821,3432,0.8220,110922,135880,0.8163,142.296B
52,Caterpillar Inc,CAT,5754,5663,1.0161,130720,122080,1.0708,140.085B
53,Morgan Stanley,MS,7170,28310,0.2533,401929,363152,1.1068,132.408B
54,Verizon Communications Inc,VZ,14244,38031,0.3745,448009,674188,0.6645,132.217B
55,United Parcel Service,UPS,9093,4414,2.0600,149735,162595,0.9209,131.876B
56,International Business Machines,IBM,2548,4603,0.5536,185208,209540,0.8839,129.545B
57,Blackstone Inc,BX,6752,17014,0.3968,225450,177422,1.2707,127.523B
58,Qualcomm Inc,QCOM,11008,19967,0.5513,354471,339638,1.0437,124.769B
59,Union Pacific Corp,UNP,516,1577,0.3272,79504,120266,0.6611,124.512B
60,Honeywell International Inc,HON,1058,2476,0.4273,51553,71142,0.7246,123.842B
61,General Electric Company,GE,3515,3669,0.9580,148815,157129,0.9471,120.005B
62,Bristol-Myers Squibb Company,BMY,10597,6420,1.6506,234271,331817,0.7060,118.264B
63,Applied Materials,AMAT,5693,5916,0.9623,178587,132204,1.3508,117.24B
64,S&P Global Inc,SPGI,142,302,0.4702,31449,14736,2.1342,116.611B
65,Lowe's Companies,LOW,3066,3584,0.8555,86807,63738,1.3619,115.85B
66,Servicenow Inc,NOW,1735,1749,0.9920,36767,29615,1.2415,115.144B
67,Boeing Company,BA,29093,67647,0.4301,352930,401933,0.8781,113.698B
68,Deere & Company,DE,3518,2016,1.7450,59157,56899,1.0397,110.287B
69,Lockheed Martin Corp,LMT,18222,46872,0.3888,46376,55411,0.8369,109.932B
70,American Express Company,AXP,6970,4589,1.5188,150774,137610,1.0957,109.6B
71,Booking Holdings Inc,BKNG,2323,1464,1.5867,33100,22029,1.5026,107.424B
72,Elevance Health Inc,ELV,1519,430,3.5326,16344,18210,0.8975,106.751B
73,Rtx Corp,RTX,17406,86967,0.2001,159462,252407,0.6318,106.238B
74,Starbucks Corp,SBUX,9698,6711,1.4451,222898,218048,1.0222,106.156B
75,AT&T Inc,T,18021,36299,0.4965,629536,1492467,0.4218,105.305B
76,Intuitive Surg Inc,ISRG,1194,1640,0.7280,35072,33497,1.0470,103.471B
77,Automatic Data Procs,ADP,898,1425,0.6302,21330,23076,0.9243,103.067B
78,Goldman Sachs Group,GS,10413,7427,1.4020,166614,146380,1.1382,103.058B
79,TJX Companies,TJX,3540,4719,0.7502,83754,132143,0.6338,101.491B
80,Stryker Corp,SYK,425,1267,0.3354,16264,21723,0.7487,101.325B
81,Prologis Inc,PLD,385,280,1.3750,17473,23101,0.7564,101.126B
82,Medtronic Inc,MDT,7515,6934,1.0838,73362,135085,0.5431,99.963B
83,Nextera Energy,NEE,42665,19964,2.1371,175827,306608,0.5735,99.809B
84,Blackrock Inc,BLK,823,586,1.4044,16493,15221,1.0836,96.094B
85,Marsh & Mclennan Companies,MMC,47,126,0.3730,6242,5444,1.1466,95.373B
86,The Charles Schwab Corp,SCHW,28615,17284,1.6556,512345,409576,1.2509,94.242B
87,Gilead Sciences Inc,GILD,1840,4971,0.3701,117352,126940,0.9245,93.526B
88,Vertex Pharmaceutic,VRTX,671,909,0.7382,20374,23218,0.8775,91.675B
89,CVS Corp,CVS,10515,11516,0.9131,210580,296757,0.7096,91.514B
90,Regeneron Pharmaceuticals,REGN,443,688,0.6439,23975,20003,1.1986,90.302B
91,Mondelez Intl Inc,MDLZ,26766,4712,5.6804,58148,66220,0.8781,86.754B
92,Chubb Ltd,CB,132,410,0.3220,13531,12800,1.0571,86.456B
93,Analog Devices,ADI,647,740,0.8743,61564,52835,1.1652,86.368B
94,The Cigna Group,CI,548,433,1.2656,35089,36929,0.9502,85.737B
95,Eaton Corp,ETN,388,462,0.8398,31601,40213,0.7858,85.099B
96,Progressive Corp,PGR,1440,896,1.6071,22114,38457,0.5750,83.821B
97,Lam Research Corp,LRCX,1801,5081,0.3545,60954,34909,1.7461,82.994B
98,Schlumberger N.V.,SLB,7876,15769,0.4995,214709,196660,1.0918,82.77B
99,Airbnb Inc Cl A,ABNB,21305,13134,1.6221,301204,201521,1.4947,81.528B
100,Zoetis Inc Cl A,ZTS,381,789,0.4829,22324,20926,1.0668,80.371B
101,Citigroup Inc,C,17749,35659,0.4977,1325563,1639643,0.8084,78.453B
102,Palo Alto Networks Inc,PANW,14086,19639,0.7172,399769,164740,2.4267,78.007B
103,CME Group Inc,CME,1329,7301,0.1820,25551,26960,0.9477,77.619B
104,Becton Dickinson and Company,BDX,696,180,3.8667,14443,23695,0.6095,77.111B
105,Boston Scientific Corp,BSX,251,435,0.5770,100046,95303,1.0498,76.725B
106,Micron Technology,MU,13986,15224,0.9187,663672,457534,1.4505,76.101B
107,Altria Group,MO,3424,13174,0.2599,176638,216297,0.8166,75.776B
108,American Tower Corp,AMT,2637,2247,1.1736,38587,83738,0.4608,75.527B
109,Activision Blizzard,ATVI,6589,8997,0.7324,1149161,499083,2.3025,74.227B
110,Eog Resources,EOG,2665,4993,0.5337,77521,78023,0.9936,74.087B
111,Synopsys Inc,SNPS,437,545,0.8018,15964,11474,1.3913,72.988B
112,Southern Company,SO,1123,2666,0.4212,36081,56100,0.6432,71.878B
113,Northrop Grumman Corp,NOC,7337,11699,0.6271,18535,19332,0.9588,71.355B
114,Illinois Tool Works Inc,ITW,26,152,0.1711,5371,6971,0.7705,70.904B
115,Fiserv Inc,FI,222,478,0.4644,34605,26347,1.3134,69.716B
116,Equinix Inc,EQIX,21,17,1.2353,3896,3993,0.9757,68.432B
117,Duke Energy Corp,DUK,1082,2016,0.5367,47643,61493,0.7748,68B
118,Hca Holdings Inc,HCA,252,362,0.6961,27144,21951,1.2366,67.711B
119,Cadence Design Sys,CDNS,415,403,1.0298,20598,15237,1.3518,67.225B
120,AON Plc,AON,26,46,0.5652,10296,6440,1.5988,66.447B
121,Charter Communications Inc,CHTR,539,472,1.1419,33297,40159,0.8291,66.217B
122,General Dynamics Corp,GD,3062,10165,0.3012,13439,24290,0.5533,65.115B
123,Sherwin-Williams Company,SHW,395,178,2.2191,8921,20540,0.4343,64.755B
124,Fedex Corp,FDX,3905,6989,0.5587,101607,90692,1.1204,64.293B
125,Intercontinental Exchange,ICE,388,2382,0.1629,35771,72135,0.4959,64.049B
126,Waste Management,WM,1968,2078,0.9471,22932,26330,0.8709,63.789B
127,Paypal Holdings,PYPL,37736,45008,0.8384,624304,1166324,0.5353,63.642B
128,K L A-Tencor Corp,KLAC,477,299,1.5953,17140,15808,1.0843,63.631B
129,Air Products and Chemicals,APD,85,109,0.7798,9959,12839,0.7757,63.15B
130,CSX Corp,CSX,264,568,0.4648,46741,54937,0.8508,62.357B
131,Humana Inc,HUM,1001,758,1.3206,37112,28303,1.3112,62.144B
132,Mckesson Corp,MCK,685,679,1.0088,12311,12583,0.9784,60.946B
133,Arista Networks Inc,ANET,2353,3150,0.7470,37813,44378,0.8521,60.802B
134,Marathon Petroleum Corp,MPC,2203,3163,0.6965,81847,107273,0.7630,58.605B
135,Moody's Corp,MCO,28,65,0.4308,4579,7579,0.6042,58.5B
136,Marriot Int Cl A,MAR,1759,2094,0.8400,93218,57126,1.6318,57.987B
137,Colgate-Palmolive Company,CL,907,765,1.1856,52214,58869,0.8870,57.298B
138,Occidental Petroleum Corp,OXY,27385,80036,0.3422,496160,470319,1.0549,56.779B
139,O'Reilly Automotive,ORLY,307,132,2.3258,7552,7121,1.0605,55.116B
140,Pioneer Natural Resources Company,PXD,10453,31014,0.3370,33167,50590,0.6556,54.933B
141,Emerson Electric Company,EMR,1302,595,2.1882,29837,54433,0.5481,54.79B
142,Roper Industries,ROP,13,80,0.1625,1951,4309,0.4528,53.309B
143,Freeport-Mcmoran Inc,FCX,10598,14119,0.7506,475731,475645,1.0002,52.801B
144,Monster Beverage Cp,MNST,842,1337,0.6298,58450,61323,0.9531,51.999B
145,Cintas Corp,CTAS,164,360,0.4556,4451,4766,0.9339,51.153B
146,Nxp Semiconductors,NXPI,572,407,1.4054,36358,31679,1.1477,51.076B
147,Parker-Hannifin Corp,PH,208,152,1.3684,6022,6782,0.8879,50.814B
148,Estee Lauder Companies,EL,3386,1206,2.8076,58624,59979,0.9774,50.781B
149,Chipotle Mexican Grill,CMG,1948,2072,0.9402,31236,25732,1.2139,50.568B
150,Arthur J. Gallagher & Company,AJG,76,98,0.7755,2920,4421,0.6605,50.237B
151,U.S. Bancorp,USB,3618,4668,0.7751,182603,220535,0.8280,49.839B
152,Amphenol Corp,APH,73,29,2.5172,7509,9236,0.8130,49.571B
153,Phillips 66,PSX,1596,3101,0.5147,46198,53519,0.8632,49.52B
154,3M Company,MMM,11080,7275,1.5230,118681,137248,0.8647,49.155B
155,Target Corp,TGT,12732,19524,0.6521,181554,292625,0.6204,48.819B
156,Ford Motor Company,F,21223,48001,0.4421,1753725,1496594,1.1718,48.307B
157,PNC Bank,PNC,1869,2987,0.6257,51495,62022,0.8303,48.133B
158,Transdigm Group Inc,TDG,37,47,0.7872,4953,2911,1.7015,47.847B
159,Motorola Solutions,MSI,80,262,0.3053,7495,3785,1.9802,47.819B
160,Ecolab Inc,ECL,14,79,0.1772,7623,8270,0.9218,47.794B
161,Public Storage,PSA,235,497,0.4728,6195,7675,0.8072,47.681B
162,Hess Corp,HES,794,2949,0.2692,49489,43281,1.1434,47.097B
163,Fortinet Inc,FTNT,6591,5887,1.1196,62186,106032,0.5865,46.735B
164,Trane Technologies Plc,TT,180,84,2.1429,4611,9433,0.4888,46.664B
165,Metlife Inc,MET,4385,1543,2.8419,179993,226516,0.7946,46.55B
166,Aflac Inc,AFL,623,772,0.8070,51278,59532,0.8614,46.45B
167,Republic Services,RSG,63,109,0.5780,5335,3468,1.5384,46.38B
168,Old Dominion Freight Line Inc,ODFL,502,105,4.7810,9736,7726,1.2602,46.13B
169,Carrier Global Corp,CARR,385,421,0.9145,83016,56153,1.4784,46.086B
170,Autozone,AZO,218,133,1.6391,6676,6438,1.0370,45.802B
171,Paccar Inc,PCAR,341,495,0.6889,15657,19363,0.8086,45.714B
172,Autodesk Inc,ADSK,1082,708,1.5282,33533,29132,1.1511,45.01B
173,Valero Energy Corp,VLO,6465,9893,0.6535,83282,97498,0.8542,44.83B
174,Norfolk Southern Corp,NSC,272,481,0.5655,15005,12042,1.2461,44.438B
175,Edwards Lifesciences Corp,EW,288,550,0.5236,29918,71793,0.4167,44.317B
176,American International Group,AIG,223,1313,0.1698,66127,74191,0.8913,43.49B
177,Copart Inc,CPRT,217,314,0.6911,16625,31496,0.5278,43.282B
178,Microchip Technology,MCHP,295,579,0.5095,85140,54178,1.5715,43.236B
179,Constellation Brands Inc,STZ,1570,1587,0.9893,30692,33675,0.9114,43.183B
180,Sempra,SRE,136,185,0.7351,14686,18573,0.7907,43.108B
181,Paychex Inc,PAYX,300,727,0.4127,13352,26183,0.5099,43.044B
182,General Motors Company,GM,46680,17862,2.6134,715870,815644,0.8777,42.639B
183,Welltower Inc,WELL,189,647,0.2921,9963,22980,0.4336,42.598B
184,Williams Companies,WMB,2326,1909,1.2184,89098,127682,0.6978,41.796B
185,Keurig Dr Pepper Inc,KDP,503,3182,0.1581,42981,60605,0.7092,41.555B
186,MSCI Inc,MSCI,54,47,1.1489,3865,4508,0.8574,40.76B
187,Crown Castle Inc,CCI,529,800,0.6613,21281,43336,0.4911,40.41B
188,Kimberly-Clark Corp,KMB,788,733,1.0750,17418,24007,0.7255,40.099B
189,Hershey Foods Corp,HSY,1591,1121,1.4193,35974,32716,1.0996,40.018B
190,Kraft Heinz Company,KHC,4243,15297,0.2774,131015,203630,0.6434,39.907B
191,Archer Daniels Midland,ADM,1312,1993,0.6583,35370,50762,0.6968,39.618B
192,Simon Property Group,SPG,932,2172,0.4291,32764,54835,0.5975,39.478B
193,On Semiconductor,ON,3066,2774,1.1053,94900,83473,1.1369,39.239B
194,Hilton Inc,HLT,160,836,0.1914,30015,42686,0.7032,39.143B
195,Pacific Gas & Electric Company,PCG,1162,2211,0.5256,280730,300347,0.9347,38.969B
196,Moderna Inc,MRNA,21728,18797,1.1559,175479,223035,0.7868,38.76B
197,Nucor Corp,NUE,1189,1072,1.1091,43694,47107,0.9275,38.716B
198,Te Connectivity Ltd,TEL,49,21,2.3333,3307,5164,0.6404,38.646B
199,Exelon Corp,EXC,2248,203,11.0739,24364,91967,0.2649,38.515B
200,Oneok Inc,OKE,1713,3883,0.4412,47949,61347,0.7816,38.414B
201,Centene Corp,CNC,1420,5038,0.2819,51825,37260,1.3909,38.369B
202,Ross Stores Inc,ROST,3384,563,6.0107,30543,27964,1.0922,38.289B
203,Biogen Inc,BIIB,533,537,0.9926,23760,31030,0.7657,38.264B
204,Kenvue Inc,KVUE,5621,16104,0.3490,438178,900430,0.4866,38.049B
205,American Electric Power Company,AEP,718,1047,0.6858,23953,39494,0.6065,37.948B
206,Cencora Inc,COR,135,100,1.3500,41292,45156,0.9144,37.397B
207,The Travelers Companies Inc,TRV,156,233,0.6695,9471,8176,1.1584,37.377B
208,Kinder Morgan,KMI,4382,12781,0.3429,171653,343908,0.4991,37.344B
209,General Mills,GIS,12719,3289,3.8671,43697,87394,0.5000,37.179B
210,Halliburton Company,HAL,5859,15546,0.3769,179891,139651,1.2881,37.119B
211,Digital Realty Trust,DLR,1177,579,2.0328,99317,29852,3.3270,36.809B
212,Idexx Laboratories,IDXX,21,60,0.3500,2647,2557,1.0352,36.712B
213,Iqvia Holdings Inc,IQV,20,50,0.4000,3599,3833,0.9390,36.54B
214,Truist Financial Corp,TFC,2666,5247,0.5081,98955,187006,0.5292,36.536B
215,W.W. Grainger,GWW,40,347,0.1153,3089,4240,0.7285,36.296B
216,Capital One Financial Corp,COF,1638,1570,1.0433,91262,61072,1.4943,35.981B
217,Corteva Inc,CTVA,230,225,1.0222,9574,19843,0.4825,35.907B
218,D.R. Horton,DHI,1410,1361,1.0360,61198,42105,1.4535,35.897B
219,Realty Income Corp,O,2056,1760,1.1682,42431,50304,0.8435,35.829B
220,Constellation Energy Corp,CEG,279,177,1.5763,15296,13265,1.1531,35.819B
221,Johnson Controls Intl,JCI,215,139,1.5468,19794,52372,0.3780,35.798B
222,Dow Inc,DOW,2248,4344,0.5175,158208,179362,0.8821,35.723B
223,Verisk Analytics Inc,VRSK,52,175,0.2971,2252,11287,0.1995,35.397B
224,Baker Hughes Company,BKR,452,334,1.3533,44031,49841,0.8834,35.379B
225,Dominion Energy Inc,D,455,1209,0.3763,46878,92758,0.5054,35.295B
226,Las Vegas Sands,LVS,1744,3544,0.4921,133328,198684,0.6711,34.951B
227,Ametek Inc,AME,22,42,0.5238,2278,3171,0.7184,34.911B
228,Dupont Denemours Inc,DD,501,919,0.5452,61010,77581,0.7864,34.554B
229,Cognizant Tech Sol,CTSH,124,697,0.1779,30101,33980,0.8858,34.434B
230,L3Harris Technologies Inc,LHX,840,3826,0.2196,9242,12314,0.7505,34.084B
231,Prudential Financial Inc,PRU,672,552,1.2174,85306,70549,1.2092,33.908B
232,Electronic Arts Inc,EA,827,2050,0.4034,44748,34990,1.2789,33.753B
233,Ameriprise Financial Services,AMP,40,53,0.7547,2189,2864,0.7643,33.482B
234,Rockwell Automation Inc,ROK,100,71,1.4085,9234,8504,1.0858,33.363B
235,Yum! Brands,YUM,2751,158,17.4114,18369,24844,0.7394,33.32B
236,Costar Group Inc,CSGP,1367,84,16.2738,11661,6024,1.9358,33.308B
237,Otis Worldwide Corp,OTIS,13,22,0.5909,5553,13929,0.3987,32.919B
238,Bank of New York Mellon Corp,BK,94,185,0.5081,38673,44674,0.8657,32.654B
239,Agilent Technologies,A,140,218,0.6422,11473,14878,0.7711,32.559B
240,Cummins Inc,CMI,26,96,0.2708,15341,21654,0.7085,32.308B
241,Fastenal Company,FAST,2778,2529,1.0985,23523,25370,0.9272,32.263B
242,Dexcom Inc,DXCM,1445,2848,0.5074,80220,77254,1.0384,32.228B
243,Kroger Company,KR,10600,3253,3.2585,73331,109238,0.6713,32.096B
244,Sysco Corp,SYY,269,525,0.5124,14627,35887,0.4076,32.027B
245,XCEL Energy Inc,XEL,21,89,0.2360,6758,11664,0.5794,31.796B
246,Lennar Corp,LEN,2396,1994,1.2016,72632,59651,1.2176,31.342B
247,Fidelity National Information Services,FIS,1150,2377,0.4838,29295,66121,0.4431,30.98B
248,Ge Healthcare Technologies Inc,GEHC,657,1539,0.4269,23807,42314,0.5626,30.838B
249,Arch Capital Grp Ltd,ACGL,232,54,4.2963,1917,4092,0.4685,30.608B
250,PPG Industries,PPG,304,286,1.0629,10499,20166,0.5206,30.325B
251,Consolidated Edison Company,ED,534,154,3.4675,9404,14379,0.6540,30.198B
252,Lyondellbasell Industries NV,LYB,29,212,0.1368,48621,52558,0.9251,30.134B
253,Newmont Mining Corp,NEM,3358,11888,0.2825,172116,354567,0.4854,29.878B
254,Allstate Corp,ALL,254,625,0.4064,18158,24428,0.7433,29.864B
255,United Rentals,URI,1215,638,1.9044,32335,25042,1.2912,29.849B
256,Global Payments Inc,GPN,91,2335,0.0390,17143,29507,0.5810,29.587B
257,Vici Properties Inc,VICI,86,324,0.2654,11105,24089,0.4610,29.582B
258,Devon Energy Corp,DVN,24189,55905,0.4327,289423,408205,0.7090,29.536B
259,Public Service Enterprise Group Inc,PEG,104,253,0.4111,3061,6458,0.4740,29.153B
260,West Pharmaceutical Services,WST,491,14,35.0714,2058,2418,0.8511,28.282B
261,Diamondback Energy,FANG,6583,12287,0.5358,69687,89940,0.7748,27.98B
262,Vulcan Materials Company,VMC,39,54,0.7222,3921,5930,0.6612,27.935B
263,Gartner Inc,IT,4,21,0.1905,1070,902,1.1863,27.909B
264,CDW Corp,CDW,317,110,2.8818,5824,5266,1.1060,27.898B
265,Aptiv Plc,APTV,133,120,1.1083,17188,12422,1.3837,27.389B
266,Brown Forman Inc Cl B,BF-B,6,718,0.0084,1689,1056,1.5994,27.03B
267,Fortive Corp,FTV,222,69,3.2174,2597,7955,0.3265,26.56B
268,Extra Space Storage Inc,EXR,69,328,0.2104,2951,3231,0.9133,26.365B
269,Martin Marietta Materials,MLM,38,36,1.0556,1989,2902,0.6854,26.358B
270,Ansys Inc,ANSS,103,315,0.3270,3184,4137,0.7696,26.116B
271,Ingersoll Rand Inc,IR,1589,42,37.8333,3518,11009,0.3196,25.922B
272,Wisconsin Energy Corp,WEC,91,59,1.5424,6756,4379,1.5428,25.777B
273,Hp Inc,HPQ,7738,5450,1.4198,130344,149846,0.8699,25.774B
274,Discovery Inc Series A,WBD,27856,20590,1.3529,489733,662219,0.7395,25.666B
275,Quanta Services,PWR,204,329,0.6201,13104,17429,0.7519,25.249B
276,Corning Inc,GLW,183,525,0.3486,41176,86314,0.4770,25.112B
277,Avalonbay Communities,AVB,127,68,1.8676,9819,5113,1.9204,24.741B
278,Nasdaq Inc,NDAQ,218,219,0.9954,18017,22197,0.8117,24.433B
279,Take-Two Interactive,TTWO,2230,2427,0.9188,60036,77509,0.7746,24.308B
280,Edison International,EIX,125,242,0.5165,7052,10162,0.6940,23.967B
281,Mettler-Toledo International,MTD,1,26,0.0385,259,354,0.7316,23.795B
282,American Water Works,AWK,200,934,0.2141,5688,13218,0.4303,23.516B
283,T Rowe Price Group,TROW,276,528,0.5227,19013,22168,0.8577,23.333B
284,Keysight Technologies Inc,KEYS,28,30,0.9333,9706,13490,0.7195,23.291B
285,Zimmer Biomet Holdings,ZBH,218,537,0.4060,13819,12346,1.1193,23.13B
286,Ebay Inc,EBAY,5117,2550,2.0067,85811,93480,0.9180,23.069B
287,Dollar Tree Inc,DLTR,8477,1837,4.6146,57100,72251,0.7903,23.037B
288,Equifax Inc,EFX,69,81,0.8519,6336,7120,0.8899,22.765B
289,Equity Residential,EQR,100,85,1.1765,6347,6850,0.9266,22.753B
290,Monolithic Power Sys,MPWR,101,168,0.6012,8232,7792,1.0565,22.743B
291,Delta Air Lines Inc,DAL,31813,52064,0.6110,293097,398673,0.7352,22.7B
292,Royal Caribbean Cruises Ltd,RCL,8828,6796,1.2990,394916,178758,2.2092,22.602B
293,CBRE Group Inc,CBRE,157,83,1.8916,11290,7411,1.5234,22.525B
294,Discover Financial Services,DFS,2120,3045,0.6962,46295,50794,0.9114,22.493B
295,Dollar General Corp,DG,18841,10070,1.8710,96239,133334,0.7218,22.387B
296,Cardinal Health,CAH,824,597,1.3802,23186,36307,0.6386,22.352B
297,Steris Corp,STE,0,0,N/A,196,2464,0.0795,22.306B
298,Tractor Supply Company,TSCO,1207,259,4.6602,17140,10093,1.6982,22.186B
299,Fair Isaac and Company,FICO,139,34,4.0882,3523,2499,1.4098,22.108B
300,Xylem Inc,XYL,9,34,0.2647,3552,5662,0.6273,21.937B
301,Willis Towers Watson Public Ltd,WTW,22,27,0.8148,2764,6104,0.4528,21.912B
302,Weyerhaeuser Company,WY,38,346,0.1098,9518,23475,0.4055,21.871B
303,Illumina Inc,ILMN,1893,939,2.0160,22438,25174,0.8913,21.812B
304,Align Technology,ALGN,817,1067,0.7657,18607,21605,0.8612,21.731B
305,Hartford Financial Services Group,HIG,276,28,9.8571,12495,10811,1.1558,21.719B
306,Hewlett Packard Enterprise Comp,HPE,187,810,0.2309,83216,125119,0.6651,21.616B
307,Resmed Inc,RMD,140,1010,0.1386,7205,10986,0.6558,21.554B
308,Verisign Inc,VRSN,23,15,1.5333,1414,3219,0.4393,21.428B
309,Broadridge Financial Solutions Llc,BR,18,52,0.3462,1156,1633,0.7079,21.395B
310,Church & Dwight Company,CHD,1302,72,18.0833,3624,4496,0.8060,21.318B
311,Coterra Energy Inc,CTRA,1050,10762,0.0976,34136,65154,0.5239,21.255B
312,SBA Communications,SBAC,35,18,1.9444,3140,2562,1.2256,21.115B
313,M&T Bank Corp,MTB,183,173,1.0578,24312,19407,1.2527,20.793B
314,Raymond James Financial,RJF,65,43,1.5116,5946,7197,0.8262,20.778B
315,State Street Corp,STT,958,324,2.9568,29682,21321,1.3921,20.629B
316,Genuine Parts Company,GPC,263,175,1.5029,6002,6680,0.8985,20.601B
317,Garmin Ltd,GRMN,52,250,0.2080,9960,11387,0.8747,20.518B
318,Brown & Brown,BRO,0,45,0.0000,1210,2037,0.5940,20.318B
319,NVR Inc,NVR,N/A,N/A,N/A,N/A,N/A,N/A,20.124B
320,Live Nation Entertainment,LYV,378,1908,0.1981,57255,47199,1.2131,20.021B
321,Eversource Energy,ES,174,804,0.2164,6789,2656,2.5561,19.982B
322,Firstenergy Corp,FE,324,625,0.5184,26111,19615,1.3312,19.936B
323,Dte Energy Company,DTE,103,149,0.6913,3153,3215,0.9807,19.915B
324,Invitation Homes Inc,INVH,60,46,1.3043,12633,14497,0.8714,19.781B
325,Molina Healthcare Inc,MOH,180,78,2.3077,2750,3728,0.7377,19.729B
326,Ameren Corp,AEE,9,26,0.3462,2984,1803,1.6550,19.722B
327,Hormel Foods Corp,HRL,2497,551,4.5318,25184,23386,1.0769,19.701B
328,Entergy Corp,ETR,51,166,0.3072,2648,3485,0.7598,19.67B
329,Dover Corp,DOV,25,149,0.1678,1483,2235,0.6635,19.634B
330,J B Hunt Transport,JBHT,174,201,0.8657,7706,7298,1.0559,19.61B
331,Teledyne Technologies Inc,TDY,7,6,1.1667,276,345,0.8000,19.324B
332,Walgreens Boots Alliance,WBA,12936,32457,0.3986,231638,336448,0.6885,19.225B
333,Fleetcor Technologies,FLT,29,31,0.9355,1714,3060,0.5601,19.202B
334,Howmet Aerospace Inc,HWM,48,1098,0.0437,5657,7418,0.7626,19.135B
335,Ulta Beauty Inc,ULTA,1919,2253,0.8518,39722,36472,1.0891,19.123B
336,Targa Resources,TRGP,64,137,0.4672,14973,15997,0.9360,18.599B
337,Wabtec Corp,WAB,27,23,1.1739,2673,6515,0.4103,18.517B
338,Baxter International Inc,BAX,551,1122,0.4911,34342,91848,0.3739,18.479B
339,Veralto Corporation,VLTO,N/A,N/A,N/A,N/A,N/A,N/A,18.376B
340,Albemarle Corp,ALB,3722,3942,0.9442,112074,69703,1.6079,18.277B
341,Eqt Corp,EQT,2333,20335,0.1147,107496,193361,0.5559,18.239B
342,Steel Dynamics Inc,STLD,1118,260,4.3000,12401,21238,0.5839,18.01B
343,Laboratory Corp of America Holdings,LH,24,32,0.7500,3403,5359,0.6350,17.934B
344,Jacobs Engineering Group Inc,J,492,449,1.0958,2119,6848,0.3094,17.639B
345,Rollins Inc,ROL,1329,96,13.8438,11208,4921,2.2776,17.616B
346,PPL Corp,PPL,286,203,1.4089,42189,50987,0.8274,17.506B
347,Alexandria Real Estate Equities,ARE,650,161,4.0373,10795,10615,1.0170,17.381B
348,Iron Mountain Inc,IRM,105,305,0.3443,13543,23842,0.5680,17.304B
349,Kellanova,K,2105,2576,0.8172,30026,73830,0.4067,17.289B
350,Expeditors Intl,EXPD,25,16,1.5625,3197,3385,0.9445,17.276B
351,Centerpoint Energy Inc,CNP,10,153,0.0654,7933,10166,0.7803,17.225B
352,Factset Research Systems Inc,FDS,20,4,5.0000,2591,2321,1.1163,17.22B
353,Hologic Inc,HOLX,148,73,2.0274,5457,9535,0.5723,17.207B
354,CBOE Global Markets Inc,CBOE,617,1439,0.4288,11579,25329,0.4571,17.186B
355,Mccormick & Company,MKC,1356,1660,0.8169,6633,10572,0.6274,16.949B
356,Everest Re Group,EG,34,8,4.2500,2249,1378,1.6321,16.931B
357,Principal Financial Group Inc,PFG,12,12,1.0000,2818,3039,0.9273,16.857B
358,Tyson Foods,TSN,1912,1005,1.9025,86440,91249,0.9473,16.79B
359,Cooper Companies,COO,19,245,0.0776,931,2852,0.3264,16.784B
360,Ptc Inc,PTC,2374,3,791.3333,2276,5280,0.4311,16.629B
361,Cf Industries Holdings,CF,970,2929,0.3312,39885,37028,1.0772,16.599B
362,Carnival Corp,CCL,62470,51104,1.2224,1203015,1029837,1.1682,16.576B
363,Fifth Third Bancorp,FITB,415,627,0.6619,43981,84632,0.5197,16.573B
364,Tyler Technologies,TYL,5,19,0.2632,463,919,0.5038,16.535B
365,Darden Restaurants,DRI,428,642,0.6667,34145,27993,1.2198,16.493B
366,W.R. Berkley Corp,WRB,5,134,0.0373,785,1353,0.5802,16.425B
367,Ventas Inc,VTR,71,76,0.9342,11263,10981,1.0257,16.381B
368,Enphase Energy Inc,ENPH,14878,18523,0.8032,151395,178087,0.8501,16.329B
369,Atmos Energy Corp,ATO,12,10,1.2000,523,1892,0.2764,16.285B
370,International Flavors & Fragrances,IFF,186,144,1.2917,23444,26619,0.8807,16.265B
371,Cincinnati Financial,CINF,273,283,0.9647,3437,6561,0.5239,16.046B
372,Pultegroup,PHM,747,565,1.3221,78540,67474,1.1640,16.046B
373,Akamai Technologies,AKAM,303,1363,0.2223,45935,52591,0.8734,16.041B
374,Mid-America Apartment Communities,MAA,80,88,0.9091,5044,2662,1.8948,16.001B
375,Paycom Software Inc,PAYC,91,467,0.1949,15811,11422,1.3843,15.976B
376,Bunge Ltd,BG,159,245,0.6490,18412,34364,0.5358,15.891B
377,Marathon Oil Corp,MRO,14884,20059,0.7420,118230,133840,0.8834,15.881B
378,Netapp Inc,NTAP,151,224,0.6741,28742,27016,1.0639,15.874B
379,Southwest Airlines Company,LUV,18370,12449,1.4756,171068,192352,0.8893,15.784B
380,Waters Corp,WAT,28,27,1.0370,3277,2613,1.2541,15.78B
381,Idex Corp,IEX,15,0,N/A,262,109,2.4037,15.736B
382,Textron Inc,TXT,61,613,0.0995,15304,12041,1.2710,15.689B
383,Skyworks Solutions,SWKS,513,651,0.7880,43958,28838,1.5243,15.656B
384,Axon Enterprise Inc,AXON,365,765,0.4771,15989,17650,0.9059,15.611B
385,Cms Energy Corp,CMS,11,9,1.2222,794,1138,0.6977,15.564B
386,Regions Financial Corp,RF,3843,277,13.8736,65291,63793,1.0235,15.399B
387,First Solar Inc,FSLR,6483,6977,0.9292,208745,191950,1.0875,15.362B
388,Best Buy Company,BBY,2106,2693,0.7820,74377,68525,1.0854,15.289B
389,Clorox Company,CLX,3307,9116,0.3628,29891,46673,0.6404,15.266B
390,Teradyne Inc,TER,228,337,0.6766,21053,18992,1.1085,15.255B
391,Avery Dennison Corp,AVY,1,112,0.0089,1913,520,3.6788,14.884B
392,Omnicom Group Inc,OMC,63,59,1.0678,5093,9054,0.5625,14.798B
393,Western Digital Cp,WDC,6782,5302,1.2791,108193,118370,0.9140,14.716B
394,Huntington Bcshs,HBAN,169,521,0.3244,48700,56797,0.8574,14.58B
395,Essex Property Trust,ESS,278,37,7.5135,1116,1454,0.7675,14.538B
396,Fox Corp Cl A,FOXA,226,307,0.7362,16609,22330,0.7438,14.513B
397,Ball Corporation,BALL,6524,732,8.9126,27625,24737,1.1167,14.474B
398,Fox Corp Cl B,FOX,174,12,14.5000,1994,940,2.1213,14.466B
399,Loews Corp,L,12,49,0.2449,1297,1684,0.7702,14.358B
400,Epam Systems Inc,EPAM,85,2178,0.0390,6001,8589,0.6987,14.33B
401,Expedia Group Inc,EXPE,6857,2198,3.1197,68052,64407,1.0566,14.289B
402,Quest Diagnostics Inc,DGX,165,278,0.5935,4499,12965,0.3470,14.01B
403,Northern Trust Corp,NTRS,51,152,0.3355,7255,9352,0.7758,13.904B
404,Packaging Corp of America,PKG,58,72,0.8056,2563,7124,0.3598,13.823B
405,Snap-On Inc,SNA,23,47,0.4894,2621,2041,1.2842,13.781B
406,Seagate Technology Hldgs Plc,STX,1423,1516,0.9387,88506,49602,1.7843,13.766B
407,LKQ Corp,LKQ,24,60,0.4000,2840,4072,0.6974,13.455B
408,Lamb Weston Holdings Inc,LW,1722,9610,0.1792,20822,52285,0.3982,13.435B
409,Revvity Inc,RVTY,1,2,0.5000,996,894,1.1141,13.419B
410,Pool Corp,POOL,55,43,1.2791,6562,6921,0.9481,13.338B
411,Conagra Brands Inc,CAG,416,4654,0.0894,51748,65030,0.7958,13.187B
412,Celanese Corp,CE,60,16,3.7500,9884,15461,0.6393,13.168B
413,United Airlines Holdings Inc,UAL,26519,71237,0.3723,479547,285467,1.6799,13.047B
414,MGM Resorts International,MGM,14860,8300,1.7904,174557,129763,1.3452,13.046B
415,Amcor Plc,AMCR,84,64,1.3125,2635,7206,0.3657,12.989B
416,Leidos Holdings Inc,LDOS,44,332,0.1325,3101,5843,0.5307,12.967B
417,United Dominion Realty Trust,UDR,26,12,2.1667,2427,1325,1.8317,12.878B
418,Trimble Navigation,TRMB,64,95,0.6737,4268,6192,0.6893,12.868B
419,Nordson Corp,NDSN,0,0,N/A,455,590,0.7712,12.847B
420,Molson Coors Brewing Company,TAP,415,323,1.2848,14248,32203,0.4424,12.795B
421,Incyte Corp,INCY,115,166,0.6928,5317,9307,0.5713,12.701B
422,Citizens Financial Group Inc/Ri,CFG,508,269,1.8885,33489,36209,0.9249,12.436B
423,Domino's Pizza Inc,DPZ,3847,2669,1.4414,24796,22093,1.1223,12.288B
424,Synchrony Financial,SYF,3249,1561,2.0814,76286,63112,1.2087,12.278B
425,Alliant Energy Corp,LNT,2,2,1.0000,10582,1810,5.8464,12.275B
426,International Paper Company,IP,46,712,0.0646,34674,60059,0.5773,12.165B
427,Stanley Black & Decker Inc,SWK,295,516,0.5717,16945,23012,0.7364,12.093B
428,Apa Corp,APA,3850,10420,0.3695,116795,139315,0.8384,12.036B
429,Campbell Soup Company,CPB,621,1949,0.3186,19864,33950,0.5851,11.989B
430,Mosaic Company,MOS,2088,6395,0.3265,102909,117054,0.8792,11.955B
431,Franklin Resources,BEN,14,38,0.3684,9992,11781,0.8481,11.921B
432,Masco Corp,MAS,56,79,0.7089,4175,5761,0.7247,11.743B
433,J.M. Smucker Company,SJM,775,722,1.0734,15230,13898,1.0958,11.73B
434,News Corp Cl B,NWS,2,0,N/A,216,236,0.9153,11.703B
435,News Corp Cl A,NWSA,6,0,N/A,1600,2681,0.5968,11.699B
436,Viatris Inc,VTRS,263,147,1.7891,46887,126972,0.3693,11.587B
437,Host Marriott Financial Trust,HST,63,635,0.0992,30884,14763,2.0920,11.56B
438,Zebra Technologies,ZBRA,122,92,1.3261,5002,5493,0.9106,11.427B
439,Ceridian Hcm Holding Inc,CDAY,59,398,0.1482,4852,17273,0.2809,11.369B
440,Evergy Inc,EVRG,1,22,0.0455,914,924,0.9892,11.336B
441,Interpublic Group of Companies,IPG,23,16,1.4375,4976,7548,0.6592,11.286B
442,Gen Digital Inc,GEN,103,130,0.7923,7981,23910,0.3338,11.075B
443,Jack Henry & Assoc,JKHY,17,50,0.3400,2925,3247,0.9008,10.76B
444,Bio-Techne Cp,TECH,83,31,2.6774,1676,7869,0.2130,10.751B
445,Carmax Inc,KMX,5097,1830,2.7852,74865,44626,1.6776,10.739B
446,Globe Life Inc,GL,0,12,0.0000,187,351,0.5328,10.696B
447,Regency Centers Corp,REG,0,0,N/A,295,391,0.7545,10.682B
448,Wynn Resorts Ltd,WYNN,3806,3772,1.0090,136916,128233,1.0677,10.604B
449,Pentair Ltd,PNR,37,35,1.0571,3049,10680,0.2855,10.516B
450,Bio-Rad Laboratories,BIO,5,28,0.1786,833,887,0.9391,10.427B
451,Match Group Inc,MTCH,3919,4171,0.9396,93037,93894,0.9909,10.406B
452,Camden Property Trust,CPT,18,7,2.5714,3026,743,4.0727,10.402B
453,NiSource Inc,NI,81,3186,0.0254,35700,13535,2.6376,10.389B
454,Kimco Realty Corp,KIM,2,3,0.6667,12468,2705,4.6092,10.364B
455,Smith A.O. Corp,AOS,103,64,1.6094,4142,6890,0.6012,10.328B
456,Insulet Corp,PODD,281,294,0.9558,11596,10195,1.1374,10.098B
457,C.H. Robinson Ww,CHRW,44,106,0.4151,10936,31294,0.3495,10.054B
458,Caesars Entertainment Inc,CZR,3889,6048,0.6430,75460,72381,1.0425,10.006B
459,Charles River Laboratories Intl,CRL,17,22,0.7727,3380,2426,1.3932,9.899B
460,Henry Schein Inc,HSIC,19,3,6.3333,2318,1977,1.1725,9.665B
461,Healthpeak Properties Inc,PEAK,91,73,1.2466,17551,7719,2.2737,9.595B
462,Keycorp,KEY,1133,3291,0.3443,94451,154202,0.6125,9.556B
463,Westrock Company,WRK,1,174,0.0057,5470,22763,0.2403,9.336B
464,Qorvo Inc,QRVO,265,185,1.4324,18954,20928,0.9057,9.292B
465,Borgwarner Inc,BWA,64,188,0.3404,7633,10255,0.7443,9.278B
466,F5 Inc,FFIV,17,19,0.8947,4064,5803,0.7003,9.251B
467,Allegion Plc,ALLE,1,18,0.0556,797,1513,0.5268,9.169B
468,Teleflex Inc,TFX,5,15,0.3333,426,1320,0.3227,9.161B
469,NRG Energy,NRG,321,5337,0.0601,61531,96316,0.6388,9.096B
470,Universal Health Services,UHS,66,21,3.1429,1406,2065,0.6809,9.032B
471,Marketaxess Holdings,MKTX,77,141,0.5461,1898,2554,0.7431,8.937B
472,Huntington Ingalls Industries,HII,129,380,0.3395,1459,1546,0.9437,8.828B
473,Eastman Chemical Company,EMN,266,45,5.9111,3682,4936,0.7459,8.62B
474,Juniper Networks,JNPR,95,205,0.4634,8176,21733,0.3762,8.619B
475,Boston Properties,BXP,581,325,1.7877,32548,27108,1.2007,8.502B
476,The Aes Corp,AES,315,2090,0.1507,69208,72006,0.9611,8.491B
477,Pinnacle West Capital Corp,PNW,27,6,4.5000,3471,2979,1.1652,8.276B
478,Robert Half Inc,RHI,48,23,2.0870,1724,2038,0.8459,8.181B
479,Hasbro Inc,HAS,657,766,0.8577,66358,35874,1.8498,8.15B
480,Davita Healthcare Partners Inc,DVA,743,352,2.1108,33687,13248,2.5428,8.08B
481,American Airlines Gp,AAL,59012,98582,0.5986,2540739,728042,3.4898,7.997B
482,Catalent Inc,CTLT,753,240,3.1375,19904,27714,0.7182,7.986B
483,FMC Corp,FMC,371,845,0.4391,12836,15206,0.8441,7.902B
484,Paramount Global Cl B,PARA,10809,23567,0.4586,297136,436897,0.6801,7.902B
485,Etsy Inc,ETSY,12969,7841,1.6540,110945,167664,0.6617,7.797B
486,Assurant Inc,AIZ,16,5,3.2000,594,1087,0.5465,7.72B
487,Ralph Lauren Corp,RL,248,50,4.9600,13964,12523,1.1151,7.455B
488,Federal Realty Investment Trust,FRT,42,6,7.0000,628,1336,0.4701,7.234B
489,Norwegian Cruise Ord,NCLH,5619,5529,1.0163,454836,310493,1.4649,7.083B
490,Bath & Body Works Inc,BBWI,207,1227,0.1687,41485,26284,1.5783,7.058B
491,Whirlpool Corp,WHR,359,1040,0.3452,19156,16785,1.1413,6.898B
492,Dentsply Sirona Inc,XRAY,9,6,1.5000,1725,2615,0.6597,6.766B
493,Solaredge Tech,SEDG,4312,3579,1.2048,60426,74062,0.8159,6.743B
494,Tapestry Inc,TPR,542,1605,0.3377,48049,54261,0.8855,6.459B
495,Generac Holdings Inc,GNRC,1249,1678,0.7443,50199,43592,1.1516,6.438B
496,Invesco Plc,IVZ,218,360,0.6056,24833,15305,1.6225,6.115B
497,V.F. Corp,VFC,35380,9099,3.8883,104291,197843,0.5271,6.086B
498,Comerica Inc,CMA,2401,867,2.7693,40452,40284,1.0042,5.338B
499,Mohawk Industries,MHK,73,1651,0.0442,3905,7066,0.5526,5.201B
500,Zions Bancorp,ZION,1027,1261,0.8144,119939,75844,1.5814,5.032B
501,Sealed Air Corp,SEE,177,1314,0.1347,8513,17404,0.4891,4.417B
502,Alaska Air Group,ALK,1538,2992,0.5140,35589,34871,1.0206,4.383B
503,Organon & Co.,OGN,5516,552,9.9928,29010,21954,1.3214,4.334B